Model,Year,Horsepower,TopSpeed,Weight,FuelEfficiency_MPG,Price_USD,EngineType,ZeroToSixty_sec,FuelType
Audi A4 2032,2032,104,183,4395,14.47,118970,Dark Matter Reactor,6.12,Electric
Ferrari F8 2024,2024,1419,201,3335,21.48,108365,Dark Matter Reactor,6.87,Nuclear
Ferrari F8 2021,2021,385,203,4748,17.62,34600,Electric,9.18,Electric
Volkswagen Golf 2000,2000,1170,93,2906,21.67,132334,Dark Matter Reactor,11.13,Unobtanium
Porsche 911 2001,2001,1423,130,4750,11.21,145307,Dark Matter Reactor,11.15,Diesel
Subaru Outback 1979,1979,316,202,2544,23.92,172304,Electric,7.52,Diesel
Volkswagen Golf 2023,2023,386,219,4246,35.91,136243,Inline-4,8.84,Nuclear
Subaru Outback 2011,2011,252,102,2784,34.84,184192,Dark Matter Reactor,4.11,Hybrid
Ferrari F8 1997,1997,537,207,3915,22.17,106569,Steam Engine,6.73,Hybrid
Audi A4 2028,2028,1258,124,3927,24.97,41075,Fusion Core,9.91,Gasoline
Nissan Leaf 1973,1973,354,153,2882,21.01,19573,Inline-4,11.81,Hybrid
Kia Soul 2048,2048,1152,191,2846,29.96,117795,Electric,4.05,Unobtanium
Tesla Model S 2027,2027,1168,104,3194,38.88,197784,Dark Matter Reactor,5.48,Nuclear
Volkswagen Golf 1984,1984,830,194,3369,10.1,88846,V8,9.62,Electric
Chevrolet Corvette 1979,1979,1424,160,4291,21.69,17441,Hybrid,9.1,Hybrid
Honda Civic 2042,2042,772,161,4227,15.23,134605,V8,5.44,Nuclear
Toyota Camry 1973,1973,362,172,3686,18.33,188919,Inline-4,5.96,Moon Dust
Ford Mustang 2034,2034,886,114,4489,35.73,193003,Inline-4,9.24,Electric
Toyota Camry 1997,1997,1447,189,3311,37.02,118321,Steam Engine,7.47,Unobtanium
Tesla Model S 1998,1998,1399,210,4543,22.25,67439,Fusion Core,9.51,Nuclear
Chevrolet Impala 2045,2045,1411,143,2823,30.24,99788,V8,5.72,Moon Dust
Honda Civic 2035,2035,1151,205,3695,38.7,33891,Fusion Core,10.32,Electric
Lexus IS300 2049,2049,382,148,2104,31.41,151273,V8,10.8,Electric
Honda Civic 2036,2036,460,184,3560,31.13,48374,Inline-4,10.03,Hybrid
Porsche 911 2042,2042,1323,197,2505,22.19,146155,Electric,7.27,Unobtanium
Hyundai Elantra 1992,1992,703,163,3690,17.29,193174,Hybrid,5.78,Nuclear
Ford Mustang 1993,1993,336,163,4187,30.67,101147,Electric,7.57,Gasoline
Tesla Model S 2013,2013,215,190,3007,22.08,97869,Hybrid,10.29,Diesel
Chevrolet Impala 2018,2018,1354,191,3243,35.5,17685,V8,5.49,Diesel
Toyota Camry 1988,1988,487,192,4172,39.93,21996,Hybrid,9.73,Diesel
Mazda 3 1972,1972,1172,216,3106,22.02,152954,Steam Engine,4.62,Nuclear
Nissan Leaf 1992,1992,287,92,2697,33.12,112994,Electric,4.46,Hybrid
Ferrari F8 2031,2031,478,161,4604,26.19,160589,Inline-4,8.38,Gasoline
Dodge Charger 2014,2014,1240,153,2401,29.53,93743,Dark Matter Reactor,11.05,Moon Dust
Mercedes C300 1985,1985,1070,133,2061,31.56,123559,V8,6.3,Unobtanium
Dodge Charger 2008,2008,1388,139,4682,36.77,195019,Fusion Core,7.77,Unobtanium
Dodge Charger 1981,1981,734,170,4452,20.16,23835,Electric,8.41,Unobtanium
Ferrari F8 1973,1973,1149,199,2599,31.08,149735,Electric,4.32,Moon Dust
Subaru Outback 2036,2036,695,210,3495,32.92,88470,Dark Matter Reactor,4.28,Unobtanium
Ford Mustang 2013,2013,959,204,3694,32.18,34507,Electric,6.71,Hybrid
Ford Mustang 1988,1988,1030,96,2224,23.39,121238,Dark Matter Reactor,4.99,Electric
Dodge Charger 1993,1993,1259,188,3737,10.18,150764,Inline-4,7.58,Diesel
BMW M3 1984,1984,533,176,2016,28.88,46359,Electric,11.93,Hybrid
Ferrari F8 2016,2016,528,150,3617,23.43,170812,Electric,8.3,Electric
Lexus IS300 2004,2004,340,189,3756,37.94,105720,Inline-4,10.68,Moon Dust
Jeep Wrangler 2035,2035,453,144,4402,11.36,147145,Fusion Core,9.32,Unobtanium
Volkswagen Golf 2011,2011,598,93,4437,27.17,158249,Steam Engine,8.02,Hybrid
Mercedes C300 2046,2046,1391,148,2240,11.53,186708,Electric,5.59,Nuclear
Hyundai Elantra 2042,2042,1500,174,3044,38.46,138701,Steam Engine,9.25,Electric
Ferrari F8 2050,2050,742,136,2615,20.38,134143,Fusion Core,9.44,Unobtanium
Toyota Camry 2023,2023,755,113,2904,32.0,76331,Steam Engine,9.05,Nuclear
Porsche 911 1983,1983,1317,119,4773,10.06,73060,Fusion Core,6.88,Diesel
Jeep Wrangler 2009,2009,470,203,2469,19.32,27828,Inline-4,7.42,Unobtanium
Porsche 911 2028,2028,263,209,3281,33.21,139056,V6,7.13,Unobtanium
Tesla Model S 1983,1983,1090,161,3615,34.49,189107,Steam Engine,6.67,Electric
BMW M3 2012,2012,1461,130,3132,38.26,35091,V6,8.99,Diesel
Volkswagen Golf 1973,1973,118,202,3600,38.31,148245,V6,8.68,Unobtanium
BMW M3 2032,2032,1105,195,2061,24.01,160462,Steam Engine,6.13,Electric
Nissan Leaf 1996,1996,631,95,4349,17.36,85429,Electric,4.34,Nuclear
Honda Civic 1971,1971,1267,121,4838,12.47,51775,Inline-4,10.73,Electric
Hyundai Elantra 2007,2007,1391,91,4174,13.83,149991,V6,7.28,Diesel
Nissan Leaf 2011,2011,1356,178,3835,27.63,104084,V8,11.8,Electric
Mercedes C300 2029,2029,464,156,2313,11.89,90364,V8,6.91,Unobtanium
Subaru Outback 1992,1992,337,214,4523,24.94,194770,Inline-4,10.01,Gasoline
Chevrolet Corvette 2027,2027,327,207,2297,30.22,90574,Hybrid,5.3,Moon Dust
Jeep Wrangler 1984,1984,456,120,2477,34.57,25383,Electric,6.21,Unobtanium
BMW M3 1996,1996,328,150,3804,12.96,49417,V6,7.02,Electric
Honda Civic 2027,2027,1292,116,2416,38.25,187391,V6,7.75,Moon Dust
Nissan Leaf 2034,2034,1172,130,2432,17.38,84427,Inline-4,10.2,Diesel
Jeep Wrangler 2031,2031,314,97,3853,11.43,109106,Electric,5.01,Gasoline
Audi A4 1991,1991,1459,125,2209,17.26,39107,Electric,10.75,Moon Dust
Audi A4 2026,2026,1067,192,3087,37.17,191221,V8,5.25,Nuclear
Mazda 3 2034,2034,1201,175,3362,35.85,149261,Dark Matter Reactor,5.61,Gasoline
Ferrari F8 2023,2023,939,119,4828,34.4,168467,Electric,5.01,Nuclear
Dodge Charger 2027,2027,984,113,2887,18.76,84406,Dark Matter Reactor,9.25,Gasoline
Ferrari F8 1980,1980,1336,123,2901,30.95,96493,Hybrid,4.04,Nuclear
Porsche 911 2041,2041,1111,220,2850,19.4,89193,Inline-4,11.8,Gasoline
Mazda 3 1976,1976,521,169,4835,17.89,160862,Hybrid,8.72,Hybrid
Toyota Camry 1998,1998,1084,159,3773,15.87,128907,Electric,9.55,Hybrid
Chevrolet Impala 2031,2031,624,94,2245,24.86,199776,Dark Matter Reactor,11.28,Unobtanium
Kia Soul 2023,2023,874,119,3462,16.71,198702,Steam Engine,9.04,Nuclear
Lexus IS300 1995,1995,379,171,3882,11.07,170478,Steam Engine,11.52,Nuclear
Honda Civic 2018,2018,1378,123,2727,19.7,48794,Steam Engine,6.68,Nuclear
Audi A4 2041,2041,249,94,4077,16.11,122452,Fusion Core,11.67,Nuclear
Jeep Wrangler 1979,1979,114,150,3736,29.02,191721,Fusion Core,8.65,Hybrid
Chevrolet Corvette 1981,1981,972,111,4577,36.83,69455,V8,7.65,Diesel
Volkswagen Golf 2020,2020,124,169,2837,15.09,94811,Inline-4,5.71,Hybrid
Kia Soul 1978,1978,1371,133,3522,19.85,20053,Hybrid,10.46,Unobtanium
Tesla Model S 2045,2045,336,131,2716,37.53,59812,Steam Engine,6.45,Gasoline
Subaru Outback 2000,2000,592,198,4821,12.51,114741,Steam Engine,9.48,Moon Dust
Ferrari F8 2025,2025,1120,95,2852,37.08,24551,Dark Matter Reactor,5.38,Hybrid
Mazda 3 2023,2023,315,172,2928,26.66,127322,Electric,8.33,Nuclear
Kia Soul 2001,2001,260,201,2605,14.42,37530,Dark Matter Reactor,11.39,Electric
Lexus IS300 2021,2021,671,93,4902,20.17,187222,Hybrid,8.64,Gasoline
Ferrari F8 2046,2046,627,98,4817,39.48,39592,V8,10.53,Electric
Lexus IS300 2006,2006,1494,155,4877,36.92,129019,V8,10.65,Diesel
Chevrolet Impala 2012,2012,170,136,2936,24.02,48946,Fusion Core,8.89,Unobtanium
Porsche 911 2037,2037,602,183,2532,31.97,32348,Dark Matter Reactor,7.17,Gasoline
Mercedes C300 2037,2037,570,160,4629,25.37,30635,Inline-4,7.19,Moon Dust
BMW M3 2018,2018,1263,215,2879,22.69,109472,V6,6.3,Hybrid
Kia Soul 1987,1987,1311,220,2954,38.62,190355,Inline-4,5.05,Electric
Ford Mustang 2002,2002,1085,150,3665,10.17,152017,Hybrid,5.49,Electric
Porsche 911 2033,2033,335,188,2882,14.39,175343,Fusion Core,5.48,Electric
Tesla Model S 2031,2031,1152,99,3612,34.3,191905,V8,7.93,Moon Dust
Chevrolet Impala 2040,2040,549,165,4636,23.97,160922,Electric,8.77,Electric
Tesla Model S 2011,2011,169,152,3766,20.32,167758,Steam Engine,6.69,Moon Dust
Mercedes C300 2038,2038,769,178,4397,25.58,102262,Steam Engine,9.8,Gasoline
Chevrolet Impala 2022,2022,377,164,2025,10.84,30702,Steam Engine,5.38,Diesel
Chevrolet Impala 2044,2044,1072,179,4815,19.63,30237,Inline-4,6.55,Unobtanium
BMW M3 1994,1994,1062,154,4675,11.53,43059,Fusion Core,11.84,Moon Dust
Dodge Charger 1997,1997,1068,91,4910,25.07,142990,V6,9.91,Unobtanium
Subaru Outback 1998,1998,1467,152,4477,13.32,161186,Steam Engine,4.86,Unobtanium
Honda Civic 2001,2001,402,156,3313,16.76,179372,V8,10.04,Moon Dust
Volkswagen Golf 2027,2027,935,168,3832,24.62,155067,Inline-4,4.04,Nuclear
Ford Mustang 1997,1997,671,184,3631,20.61,77404,V8,6.59,Gasoline
Toyota Camry 2024,2024,221,196,4465,29.51,156712,Steam Engine,7.82,Diesel
Kia Soul 2026,2026,1399,109,2675,11.93,74922,V8,8.15,Moon Dust
Chevrolet Corvette 1996,1996,1221,186,3457,21.51,84507,Fusion Core,7.26,Nuclear
Audi A4 2023,2023,244,148,2189,23.01,128226,Steam Engine,10.5,Gasoline
Lexus IS300 2047,2047,470,188,3949,28.47,57316,Electric,11.61,Gasoline
Nissan Leaf 1978,1978,1445,196,4471,20.49,182769,Dark Matter Reactor,5.42,Hybrid
Chevrolet Impala 1977,1977,344,91,4450,36.57,67219,Electric,11.33,Unobtanium
Tesla Model S 1974,1974,818,132,2166,16.44,25526,Fusion Core,11.39,Gasoline
Honda Civic 2011,2011,112,200,4995,22.05,70678,Electric,6.61,Electric
Lexus IS300 2013,2013,265,205,2101,34.79,188916,Steam Engine,4.82,Electric
BMW M3 2004,2004,1260,175,3215,33.95,150974,Hybrid,6.12,Unobtanium
Dodge Charger 1998,1998,1374,185,4153,21.41,71316,Dark Matter Reactor,9.82,Unobtanium
Ford Mustang 1984,1984,884,155,2482,28.2,91129,Steam Engine,7.39,Diesel
Mercedes C300 2007,2007,85,160,2406,30.21,60539,Dark Matter Reactor,6.65,Nuclear
Mazda 3 2050,2050,1388,105,4351,30.29,194669,Steam Engine,11.65,Hybrid
Ford Mustang 2030,2030,602,130,2067,25.66,121917,Steam Engine,4.92,Unobtanium
Dodge Charger 2011,2011,480,190,3203,21.7,98715,Dark Matter Reactor,6.41,Hybrid
Jeep Wrangler 2003,2003,1472,118,3619,36.71,83268,Dark Matter Reactor,10.72,Electric
Chevrolet Impala 2002,2002,844,174,2259,17.83,27509,Inline-4,4.86,Electric
Nissan Leaf 2032,2032,1351,163,3740,20.82,39944,Electric,5.46,Electric
Hyundai Elantra 2030,2030,898,167,2082,11.73,58989,V8,10.8,Gasoline
Ford Mustang 2031,2031,701,220,2767,22.65,55242,Hybrid,7.22,Electric
Ferrari F8 1975,1975,1348,134,4194,21.12,70495,V8,8.54,Gasoline
Ford Mustang 1976,1976,600,106,4161,26.59,77920,Fusion Core,5.37,Nuclear
Hyundai Elantra 2020,2020,1309,204,2348,14.87,150186,V6,10.81,Gasoline
Lexus IS300 1993,1993,847,153,4129,18.68,88900,Fusion Core,8.02,Hybrid
Subaru Outback 1974,1974,718,98,2998,18.07,196514,Dark Matter Reactor,10.01,Diesel
Mercedes C300 1997,1997,670,99,3551,23.96,148004,Electric,4.09,Moon Dust
Volkswagen Golf 1978,1978,554,144,2063,37.55,126705,Hybrid,4.54,Gasoline
Chevrolet Corvette 2042,2042,1288,210,4425,28.31,47768,Steam Engine,6.36,Diesel
Audi A4 2039,2039,350,216,2005,39.48,108667,Dark Matter Reactor,7.29,Hybrid
Audi A4 1999,1999,60,97,2334,25.75,198087,Electric,10.9,Unobtanium
Honda Civic 2006,2006,252,196,2122,16.3,199205,Hybrid,10.25,Unobtanium
Jeep Wrangler 1978,1978,1053,197,3038,33.9,152010,Dark Matter Reactor,8.9,Moon Dust
Volkswagen Golf 2022,2022,408,141,4781,30.15,131416,Inline-4,7.09,Hybrid
Audi A4 1970,1970,1287,110,2937,32.81,126194,V8,4.59,Gasoline
Dodge Charger 2012,2012,1398,117,2515,39.72,174517,Dark Matter Reactor,6.12,Unobtanium
BMW M3 2003,2003,170,113,2093,38.19,109040,Hybrid,9.16,Gasoline
Ford Mustang 1994,1994,891,99,4745,26.48,148501,Steam Engine,4.96,Moon Dust
Audi A4 2017,2017,1036,179,2635,31.19,20790,Electric,4.47,Electric
Mercedes C300 1974,1974,359,139,2985,38.37,106385,Steam Engine,7.26,Gasoline
Chevrolet Impala 2024,2024,1089,176,3219,37.85,125338,V6,8.8,Nuclear
Lexus IS300 2022,2022,714,118,4176,28.02,151787,V6,4.86,Hybrid
Mercedes C300 1984,1984,339,203,3260,34.49,180525,Hybrid,7.18,Gasoline
Dodge Charger 2024,2024,1179,211,3344,14.08,157466,Dark Matter Reactor,9.6,Diesel
BMW M3 2034,2034,1246,209,2118,16.72,34965,V6,11.42,Unobtanium
Audi A4 2016,2016,152,216,2101,39.58,148297,Dark Matter Reactor,5.64,Hybrid
Jeep Wrangler 2030,2030,687,184,4657,26.46,38731,Steam Engine,5.69,Diesel
BMW M3 1974,1974,537,149,2374,38.42,99704,Hybrid,11.61,Hybrid
BMW M3 2038,2038,837,167,4943,37.37,142412,Dark Matter Reactor,6.09,Unobtanium
Nissan Leaf 2026,2026,573,90,3986,13.6,45637,Steam Engine,11.99,Electric
Mazda 3 2047,2047,513,172,3841,25.84,112302,V8,8.19,Gasoline
Tesla Model S 2016,2016,1200,133,4186,14.52,182516,Hybrid,11.52,Nuclear
Hyundai Elantra 2046,2046,210,119,4975,34.91,107262,Steam Engine,6.09,Gasoline
Audi A4 2047,2047,1407,148,2205,24.81,173409,Electric,6.46,Gasoline
Mazda 3 2032,2032,1272,145,3631,20.14,164011,V6,7.48,Electric
Chevrolet Corvette 1989,1989,187,189,3744,34.31,199882,Dark Matter Reactor,5.31,Hybrid
Subaru Outback 2043,2043,1101,201,3013,30.69,120325,Hybrid,9.12,Nuclear
Ferrari F8 2032,2032,723,198,3721,37.61,151901,Steam Engine,8.79,Hybrid
Ford Mustang 2042,2042,228,157,4055,35.63,152274,Steam Engine,4.61,Moon Dust
Nissan Leaf 2029,2029,1250,208,4937,27.02,191864,V6,7.15,Diesel
Porsche 911 2005,2005,718,147,4593,21.85,185360,Hybrid,8.18,Electric
Toyota Camry 2022,2022,261,110,4909,24.44,161787,Hybrid,9.95,Diesel
Jeep Wrangler 2010,2010,1284,129,2175,25.54,36870,V8,5.19,Moon Dust
Dodge Charger 2023,2023,321,157,2242,17.38,166788,Steam Engine,11.98,Unobtanium
Honda Civic 1998,1998,1137,130,2618,10.09,118259,V6,5.28,Diesel
Hyundai Elantra 2010,2010,1033,95,3766,35.57,45258,Hybrid,8.96,Nuclear
Ferrari F8 2028,2028,1297,101,4909,11.19,23730,Steam Engine,10.15,Unobtanium
Ferrari F8 1982,1982,1184,112,3906,15.11,88403,Inline-4,5.87,Hybrid
Chevrolet Corvette 1975,1975,264,129,3139,35.23,171316,Dark Matter Reactor,5.66,Electric
Toyota Camry 2044,2044,1266,120,3651,16.71,115109,Hybrid,7.19,Diesel
BMW M3 1975,1975,111,113,4182,20.19,139097,V6,11.22,Hybrid
Mazda 3 1973,1973,871,181,3150,38.69,146296,Steam Engine,5.46,Diesel
Lexus IS300 2028,2028,773,110,2166,34.6,56210,Hybrid,10.49,Unobtanium
Ford Mustang 2033,2033,1024,204,3514,19.93,177401,V6,10.93,Moon Dust
Porsche 911 2003,2003,449,103,2584,19.05,110618,Hybrid,10.63,Moon Dust
Volkswagen Golf 1977,1977,869,177,3008,34.3,58780,Hybrid,8.82,Moon Dust
Mazda 3 2031,2031,834,140,4942,34.61,92480,V6,6.83,Nuclear
Volkswagen Golf 1975,1975,65,114,3308,19.84,67961,Dark Matter Reactor,7.0,Electric
Ferrari F8 2003,2003,782,140,4835,21.44,90574,Electric,11.91,Nuclear
Tesla Model S 1971,1971,499,106,3669,13.0,89613,V6,9.98,Gasoline
Honda Civic 1988,1988,343,174,4711,33.31,41538,Hybrid,11.53,Gasoline
Nissan Leaf 2036,2036,802,150,2234,14.89,74387,V6,9.46,Moon Dust
Subaru Outback 2039,2039,740,151,4785,32.06,110902,Steam Engine,10.45,Hybrid
Ford Mustang 2005,2005,480,205,3491,37.47,166531,Fusion Core,6.44,Nuclear
Lexus IS300 2008,2008,558,184,4701,18.97,137531,Inline-4,9.57,Nuclear
Chevrolet Corvette 2043,2043,1043,215,4705,28.73,101395,Steam Engine,9.29,Nuclear
Porsche 911 1996,1996,455,163,3526,14.07,162848,Hybrid,10.74,Nuclear
Mazda 3 1981,1981,1385,129,4626,15.08,63204,Electric,6.5,Moon Dust
Ford Mustang 2017,2017,978,123,4549,20.41,28393,Inline-4,5.97,Hybrid
Subaru Outback 2013,2013,516,93,3617,29.42,75445,Dark Matter Reactor,8.3,Electric
Jeep Wrangler 2033,2033,659,200,4130,14.96,180324,Dark Matter Reactor,6.44,Unobtanium
Volkswagen Golf 2042,2042,785,96,4191,24.23,124530,V8,8.05,Moon Dust
Honda Civic 2026,2026,136,168,2611,15.11,96794,Hybrid,5.78,Moon Dust
Tesla Model S 2025,2025,793,188,3110,19.43,163296,V8,9.61,Electric
Porsche 911 1972,1972,935,127,3957,37.23,56538,Dark Matter Reactor,8.08,Moon Dust
Mazda 3 1993,1993,1286,193,3058,16.9,88783,Dark Matter Reactor,8.79,Nuclear
Porsche 911 1999,1999,1068,132,4439,11.63,59302,Fusion Core,8.96,Diesel
Hyundai Elantra 1990,1990,548,154,4612,20.86,115015,Inline-4,9.44,Gasoline
Porsche 911 2032,2032,935,92,4243,38.55,69468,V6,5.83,Hybrid
Ford Mustang 2038,2038,384,139,2453,27.73,125303,Inline-4,4.03,Electric
Audi A4 2011,2011,136,198,2210,27.32,18833,V6,11.47,Moon Dust
Dodge Charger 2030,2030,89,154,3931,25.75,41752,Fusion Core,8.95,Unobtanium
Hyundai Elantra 1971,1971,1140,181,2558,37.85,84798,V8,10.39,Diesel
Chevrolet Corvette 1990,1990,551,145,3315,10.96,59282,Electric,10.2,Hybrid
Toyota Camry 2033,2033,1133,190,3506,17.47,136591,Hybrid,8.98,Electric
Nissan Leaf 1995,1995,148,113,2819,35.91,198180,Hybrid,11.99,Diesel
BMW M3 2024,2024,510,191,4306,14.44,181077,Hybrid,9.96,Electric
Tesla Model S 2003,2003,1072,158,3699,11.5,16155,Steam Engine,9.52,Moon Dust
Hyundai Elantra 2009,2009,111,97,4493,36.96,51292,Hybrid,10.71,Unobtanium
Ford Mustang 2011,2011,232,140,4629,11.82,143933,Inline-4,7.76,Diesel
Volkswagen Golf 2016,2016,198,134,2968,25.76,129444,V6,9.3,Diesel
Porsche 911 1976,1976,682,179,2427,14.19,138022,Hybrid,8.65,Gasoline
Subaru Outback 2008,2008,1090,150,4728,31.78,172766,V8,9.69,Gasoline
Dodge Charger 1999,1999,1297,167,2107,31.82,147477,V8,9.72,Unobtanium
Subaru Outback 1985,1985,1145,106,2150,29.37,17011,Steam Engine,6.14,Electric
Mercedes C300 1998,1998,703,192,4694,38.6,151169,Electric,5.58,Unobtanium
Tesla Model S 1985,1985,1289,150,4474,35.24,186575,Hybrid,6.46,Hybrid
Mazda 3 1984,1984,1083,93,2094,15.19,134029,Inline-4,9.02,Electric
Mazda 3 2011,2011,767,110,4322,21.78,89131,Dark Matter Reactor,5.48,Gasoline
Chevrolet Impala 2039,2039,287,179,2088,37.97,158460,Dark Matter Reactor,9.46,Electric
Kia Soul 2021,2021,1458,137,4827,26.47,171824,Hybrid,10.96,Hybrid
Ford Mustang 1982,1982,679,161,4106,31.39,34197,V8,11.13,Unobtanium
Dodge Charger 1989,1989,233,183,3074,36.41,73120,Inline-4,8.71,Hybrid
Subaru Outback 2047,2047,1457,90,3813,16.6,50049,Steam Engine,6.75,Moon Dust
Chevrolet Impala 1997,1997,1204,114,2102,14.42,81457,V8,8.22,Nuclear
Chevrolet Impala 2006,2006,929,109,4689,35.71,73736,Dark Matter Reactor,10.91,Hybrid
Lexus IS300 1992,1992,368,93,4653,32.77,175916,V8,11.16,Hybrid
Chevrolet Corvette 2024,2024,1176,210,3402,31.66,158956,Hybrid,4.87,Gasoline
Toyota Camry 2038,2038,411,202,4583,36.07,19455,Electric,11.58,Nuclear
Lexus IS300 1996,1996,63,104,2092,39.48,108086,Steam Engine,8.48,Hybrid
Dodge Charger 1984,1984,1289,98,4975,27.56,42793,Inline-4,11.43,Nuclear
Audi A4 1974,1974,1029,135,2796,21.09,78931,Fusion Core,6.98,Electric
Kia Soul 1990,1990,70,94,4511,16.33,27024,V6,6.92,Hybrid
Chevrolet Corvette 1994,1994,1376,182,2738,38.88,78722,Hybrid,7.25,Hybrid
Mercedes C300 2030,2030,1403,191,2456,24.85,158257,Dark Matter Reactor,11.85,Hybrid
Tesla Model S 2028,2028,770,213,4809,27.97,131452,V6,8.51,Moon Dust
Chevrolet Corvette 2011,2011,706,183,2199,33.04,102150,Fusion Core,10.46,Unobtanium
Kia Soul 2045,2045,353,92,3726,22.44,168498,Dark Matter Reactor,7.54,Nuclear
Hyundai Elantra 1986,1986,119,114,4487,12.27,92227,Dark Matter Reactor,5.04,Nuclear
Chevrolet Impala 1992,1992,705,181,3348,32.86,68445,Fusion Core,5.72,Nuclear
Volkswagen Golf 2029,2029,481,93,2834,25.17,105763,Steam Engine,7.19,Electric
Mazda 3 1974,1974,1324,167,2847,24.64,150279,Dark Matter Reactor,9.88,Unobtanium
Audi A4 2036,2036,372,205,2675,19.55,144944,V8,8.13,Unobtanium
Audi A4 2040,2040,1242,217,2116,36.69,33510,Dark Matter Reactor,8.77,Electric
Porsche 911 2004,2004,168,143,3290,32.29,123771,Hybrid,8.27,Diesel
Mercedes C300 1975,1975,783,136,3331,25.01,161715,Fusion Core,10.11,Moon Dust
Mazda 3 2042,2042,868,178,2827,33.05,96262,Steam Engine,9.61,Diesel
Lexus IS300 1998,1998,942,137,3814,24.2,177555,Hybrid,10.59,Electric
Hyundai Elantra 2019,2019,449,187,4845,33.51,97330,Fusion Core,9.94,Moon Dust
Ford Mustang 2001,2001,160,117,2923,31.19,100213,V8,8.53,Unobtanium
Mercedes C300 2034,2034,882,140,4883,39.87,110116,V6,4.75,Electric
Audi A4 1996,1996,531,104,2942,24.88,193388,V8,9.97,Unobtanium
Tesla Model S 2043,2043,175,96,4087,33.3,118519,Steam Engine,5.05,Diesel
Toyota Camry 1994,1994,1044,123,3030,38.04,17352,Inline-4,5.23,Electric
Jeep Wrangler 2048,2048,1152,144,2867,38.18,118946,Inline-4,9.4,Electric
Volkswagen Golf 1971,1971,735,133,2543,11.15,176996,Steam Engine,6.5,Electric
Jeep Wrangler 1973,1973,190,119,2906,23.58,16019,Steam Engine,8.88,Moon Dust
Tesla Model S 1975,1975,886,209,3784,28.39,115078,V8,8.77,Nuclear
Chevrolet Impala 2047,2047,719,123,2538,36.35,49453,Inline-4,10.23,Nuclear
BMW M3 2008,2008,344,184,2020,12.6,56396,V6,7.81,Nuclear
Kia Soul 2016,2016,1329,179,2662,30.81,19236,Hybrid,5.48,Diesel
Chevrolet Corvette 2047,2047,818,123,4376,35.81,101845,Dark Matter Reactor,6.57,Moon Dust
Mazda 3 1987,1987,1351,165,3580,30.8,109144,Steam Engine,11.42,Moon Dust
Ferrari F8 2034,2034,687,143,3690,21.76,35606,Fusion Core,7.08,Gasoline
Nissan Leaf 2046,2046,481,195,2343,21.51,170398,Steam Engine,5.93,Electric
Ferrari F8 1984,1984,437,103,2508,10.65,147466,V6,8.45,Nuclear
Chevrolet Impala 2008,2008,1318,179,4799,24.8,67686,V6,8.3,Gasoline
Jeep Wrangler 2045,2045,1135,182,3988,11.14,40496,V8,6.63,Electric
Hyundai Elantra 1981,1981,67,175,2694,27.9,116828,V8,8.85,Electric
Nissan Leaf 2038,2038,675,132,2656,14.56,158588,V6,10.3,Nuclear
Lexus IS300 2050,2050,1000,110,4940,19.13,20501,Electric,6.94,Nuclear
Subaru Outback 1973,1973,100,198,3833,23.64,55636,Fusion Core,6.46,Unobtanium
Nissan Leaf 1980,1980,1439,204,4135,37.91,31350,Dark Matter Reactor,7.57,Electric
Volkswagen Golf 1980,1980,245,124,3470,23.46,155790,V6,11.3,Hybrid
Toyota Camry 1986,1986,1191,157,4517,26.13,41376,Electric,5.25,Moon Dust
BMW M3 1983,1983,94,127,2431,24.48,31265,Steam Engine,7.39,Hybrid
Ford Mustang 2025,2025,161,170,3767,30.45,69209,Hybrid,9.78,Gasoline
Subaru Outback 2010,2010,1241,187,3150,27.87,176420,V8,11.27,Nuclear
Audi A4 2001,2001,278,140,2389,35.63,81585,Fusion Core,5.48,Electric
Dodge Charger 1970,1970,1258,111,4912,12.24,37556,Hybrid,7.62,Nuclear
Hyundai Elantra 2013,2013,1484,164,2883,25.28,117342,Inline-4,9.82,Hybrid
Volkswagen Golf 1993,1993,1138,181,4009,35.72,126568,Hybrid,10.16,Unobtanium
Mazda 3 2002,2002,557,168,2051,34.71,91156,Inline-4,7.27,Hybrid
Ferrari F8 1986,1986,1463,138,2857,26.65,23948,Hybrid,10.15,Electric
Tesla Model S 1987,1987,514,111,4654,26.99,116417,Inline-4,10.62,Electric
Toyota Camry 1996,1996,1457,139,4175,39.58,104211,Steam Engine,10.41,Nuclear
Volkswagen Golf 2041,2041,1076,184,4946,32.04,129619,Fusion Core,11.27,Nuclear
Audi A4 1989,1989,1241,212,3481,33.47,20822,Inline-4,6.93,Gasoline
Tesla Model S 2049,2049,887,160,3499,34.64,180104,Inline-4,5.86,Hybrid
BMW M3 1999,1999,1375,110,2235,25.68,188432,Steam Engine,8.54,Moon Dust
Mazda 3 2048,2048,504,117,3996,11.47,189398,Hybrid,11.21,Nuclear
Chevrolet Impala 2003,2003,540,129,3600,34.06,60970,Hybrid,6.45,Moon Dust
Dodge Charger 2050,2050,906,131,4287,20.32,58551,V8,4.11,Gasoline
Mercedes C300 1970,1970,912,156,2879,31.23,155909,Dark Matter Reactor,9.28,Diesel
Mazda 3 2013,2013,528,197,2891,18.12,185350,V6,6.63,Unobtanium
Porsche 911 2035,2035,1465,109,2441,11.61,137920,Dark Matter Reactor,5.75,Electric
Porsche 911 1988,1988,418,183,3540,26.72,99296,Steam Engine,6.57,Gasoline
Dodge Charger 2026,2026,1210,141,4191,37.88,71811,Electric,7.14,Diesel
Tesla Model S 2030,2030,361,108,4381,35.31,66533,Fusion Core,6.96,Nuclear
Audi A4 2035,2035,824,119,3708,29.5,73522,V8,9.12,Gasoline
Hyundai Elantra 2040,2040,223,151,3044,19.1,76692,V8,6.46,Unobtanium
Tesla Model S 2008,2008,646,106,4009,25.75,31692,Fusion Core,4.31,Unobtanium
BMW M3 2035,2035,774,165,3462,10.58,96311,Hybrid,9.91,Nuclear
Tesla Model S 1994,1994,233,159,2592,39.0,61848,V6,6.82,Unobtanium
Porsche 911 2026,2026,842,138,3805,38.82,35787,Electric,4.69,Nuclear
Honda Civic 1983,1983,467,207,3001,17.12,102596,V6,7.08,Electric
Mercedes C300 1989,1989,1496,213,3643,34.24,41252,V8,10.98,Hybrid
Lexus IS300 2045,2045,229,151,4195,22.07,119605,Inline-4,6.19,Hybrid
Tesla Model S 2026,2026,1452,146,4111,13.21,162031,Fusion Core,11.92,Diesel
Ferrari F8 2026,2026,611,90,4591,23.63,199763,Steam Engine,11.05,Unobtanium
Ford Mustang 1979,1979,87,136,2028,26.78,142559,Inline-4,5.08,Moon Dust
Hyundai Elantra 1980,1980,1459,114,4806,11.98,97375,Hybrid,11.89,Unobtanium
Tesla Model S 1976,1976,323,160,2907,39.82,123098,Fusion Core,8.95,Unobtanium
Chevrolet Corvette 2039,2039,408,109,3754,32.78,95595,V8,7.48,Hybrid
Porsche 911 2017,2017,1004,152,3290,29.46,77881,Electric,4.55,Nuclear
Lexus IS300 1980,1980,1104,120,2326,12.47,135713,Steam Engine,7.68,Electric
Lexus IS300 2042,2042,1223,102,2532,14.61,95211,V6,7.02,Moon Dust
Audi A4 2006,2006,582,193,3943,26.16,115571,V6,7.87,Diesel
Ford Mustang 1986,1986,278,149,4515,38.1,51017,Dark Matter Reactor,4.97,Electric
Hyundai Elantra 2008,2008,692,206,4137,28.27,141500,Fusion Core,8.59,Moon Dust
Honda Civic 2012,2012,1449,128,2878,33.73,159521,Steam Engine,9.64,Moon Dust
Nissan Leaf 2048,2048,457,141,2136,34.45,77998,Fusion Core,9.83,Moon Dust
Jeep Wrangler 2042,2042,1285,144,4184,26.74,53547,Electric,8.51,Electric
Chevrolet Corvette 1998,1998,565,175,2305,34.97,194600,Hybrid,9.32,Moon Dust
Lexus IS300 2027,2027,1379,156,3588,10.32,37124,V6,10.14,Unobtanium
Jeep Wrangler 2007,2007,71,218,4530,21.82,90822,Electric,8.06,Hybrid
Toyota Camry 2029,2029,109,203,3804,37.89,172469,V8,4.91,Nuclear
BMW M3 1972,1972,1062,138,4089,14.54,95712,Fusion Core,5.09,Electric
Mercedes C300 2033,2033,1274,145,2114,16.91,156640,Steam Engine,6.74,Nuclear
Chevrolet Corvette 2022,2022,433,174,3881,30.83,196730,Inline-4,10.12,Electric
Ferrari F8 2018,2018,1173,174,4660,20.64,168844,V6,8.21,Hybrid
Mazda 3 2016,2016,513,97,3500,23.0,142633,Dark Matter Reactor,9.05,Hybrid
Porsche 911 1989,1989,960,142,4654,27.02,188772,Steam Engine,5.39,Diesel
Hyundai Elantra 2035,2035,1251,198,3582,17.94,82533,Electric,11.3,Nuclear
BMW M3 2022,2022,862,198,3212,38.47,111841,Fusion Core,7.52,Hybrid
Audi A4 2019,2019,1465,153,2336,34.68,122087,Dark Matter Reactor,7.6,Nuclear
Volkswagen Golf 2017,2017,455,137,3768,26.6,114623,Electric,6.36,Nuclear
Tesla Model S 1978,1978,322,139,4860,16.2,81855,Fusion Core,9.36,Moon Dust
Chevrolet Impala 2050,2050,484,210,4037,30.98,137147,V8,10.15,Electric
Ferrari F8 2013,2013,1277,123,4193,21.35,126607,V6,6.67,Gasoline
Subaru Outback 1997,1997,290,181,2174,22.07,105596,Steam Engine,9.15,Unobtanium
Chevrolet Impala 2029,2029,166,167,4709,24.4,87870,Inline-4,10.89,Electric
Jeep Wrangler 2020,2020,902,97,4126,36.03,191947,Electric,11.9,Gasoline
Dodge Charger 2033,2033,1290,117,3625,26.53,115339,V8,8.35,Moon Dust
BMW M3 2033,2033,1203,178,3351,20.82,120310,Fusion Core,8.26,Electric
Toyota Camry 1971,1971,524,143,4327,38.37,144111,Inline-4,9.97,Gasoline
Chevrolet Corvette 1982,1982,341,210,3455,12.2,150819,V6,6.84,Unobtanium
Honda Civic 1985,1985,734,98,4629,35.52,23307,Hybrid,9.12,Electric
Ford Mustang 1983,1983,1003,203,3199,29.75,79098,Dark Matter Reactor,4.98,Electric
Subaru Outback 2027,2027,1469,163,2896,19.29,102282,Inline-4,6.08,Gasoline
BMW M3 1973,1973,496,123,2421,16.56,160039,Dark Matter Reactor,5.36,Diesel
Chevrolet Impala 1976,1976,1243,142,3362,37.1,139511,Fusion Core,11.04,Gasoline
Mercedes C300 1972,1972,441,212,4351,39.84,100334,Hybrid,6.04,Nuclear
Dodge Charger 2047,2047,1122,117,2791,15.03,183467,V8,4.67,Diesel
Chevrolet Impala 2038,2038,771,179,4814,11.2,186420,Dark Matter Reactor,8.33,Nuclear
Ferrari F8 2039,2039,273,145,3646,23.29,87606,Steam Engine,11.05,Diesel
Chevrolet Corvette 2040,2040,156,172,2580,37.94,19130,V6,7.63,Moon Dust
Mercedes C300 2039,2039,1112,118,4996,28.42,107095,Fusion Core,6.15,Gasoline
Nissan Leaf 1984,1984,472,199,4099,19.62,163371,Dark Matter Reactor,4.47,Hybrid
Kia Soul 2024,2024,414,189,4860,24.89,150211,V8,6.3,Electric
Toyota Camry 2047,2047,453,194,4073,30.01,42756,Inline-4,6.49,Unobtanium
BMW M3 1970,1970,281,119,4101,18.36,80505,Dark Matter Reactor,9.21,Hybrid
Subaru Outback 1977,1977,947,203,4232,32.01,85078,Fusion Core,6.95,Diesel
Chevrolet Impala 2042,2042,462,127,2256,25.13,162151,Inline-4,11.33,Diesel
Honda Civic 2040,2040,1194,136,4541,14.21,155938,V8,11.63,Gasoline
Jeep Wrangler 2008,2008,1361,109,3774,14.56,36021,Hybrid,4.75,Moon Dust
Audi A4 1976,1976,152,138,2983,36.42,176501,V8,8.71,Gasoline
Toyota Camry 2000,2000,182,214,2321,39.03,165697,Steam Engine,7.98,Diesel
Honda Civic 2044,2044,1403,141,3750,15.96,57095,Fusion Core,11.38,Hybrid
Lexus IS300 2005,2005,619,117,3233,28.43,75843,V8,9.95,Unobtanium
BMW M3 2013,2013,114,209,3738,24.33,106885,Inline-4,8.51,Nuclear
Honda Civic 1980,1980,475,138,3700,16.96,98099,V8,6.32,Moon Dust
Chevrolet Corvette 1993,1993,232,196,3561,22.78,173205,V8,4.66,Nuclear
Honda Civic 2032,2032,1094,150,3904,15.26,192724,Hybrid,11.03,Electric
Tesla Model S 2018,2018,139,189,2124,22.08,199282,Inline-4,5.35,Moon Dust
Mercedes C300 2040,2040,1017,219,4375,30.65,177655,V8,10.74,Nuclear
Subaru Outback 1995,1995,1181,134,4668,10.52,17211,Steam Engine,5.59,Unobtanium
Chevrolet Impala 1984,1984,840,105,2302,39.12,155815,V8,6.77,Unobtanium
Volkswagen Golf 1987,1987,990,202,2615,32.94,118000,Steam Engine,9.41,Unobtanium
Kia Soul 1998,1998,430,172,2827,16.65,186502,Hybrid,10.0,Nuclear
Lexus IS300 1978,1978,488,162,4534,10.48,83692,Dark Matter Reactor,7.16,Diesel
Subaru Outback 2018,2018,162,191,3084,16.39,107159,Steam Engine,6.37,Unobtanium
Ferrari F8 1983,1983,411,122,4023,26.52,101875,V6,10.93,Diesel
Chevrolet Corvette 2010,2010,637,94,4153,15.66,57997,Fusion Core,9.66,Hybrid
Audi A4 1995,1995,853,204,2038,20.24,34737,V8,4.46,Unobtanium
Honda Civic 2041,2041,1122,146,4710,38.87,32016,Fusion Core,7.7,Hybrid
Volkswagen Golf 1989,1989,958,192,2276,33.87,139132,Dark Matter Reactor,4.15,Electric
Ferrari F8 2033,2033,797,170,4634,20.56,18074,Dark Matter Reactor,4.96,Hybrid
Volkswagen Golf 2019,2019,1365,215,4040,37.95,109934,Electric,8.2,Unobtanium
Toyota Camry 1972,1972,760,187,3641,39.99,44980,V8,9.37,Unobtanium
Mazda 3 2038,2038,962,156,2581,32.65,61683,Steam Engine,6.21,Moon Dust
Toyota Camry 2009,2009,127,128,3637,27.08,148134,Electric,6.82,Moon Dust
Jeep Wrangler 2047,2047,1009,193,2132,23.14,24124,Electric,6.09,Diesel
Jeep Wrangler 2022,2022,808,212,3240,11.81,116725,V6,11.56,Hybrid
Toyota Camry 2012,2012,1398,137,4760,38.15,53857,Electric,5.58,Hybrid
Lexus IS300 1972,1972,982,187,3417,33.75,195570,Fusion Core,8.64,Nuclear
Chevrolet Corvette 1987,1987,1498,201,4816,38.06,176743,V8,6.48,Nuclear
Mercedes C300 2013,2013,158,176,2631,35.5,74985,Inline-4,6.24,Unobtanium
Porsche 911 1978,1978,63,160,4209,24.55,100651,V8,11.88,Nuclear
Volkswagen Golf 1974,1974,322,193,3455,18.68,68499,Electric,8.16,Electric
Ford Mustang 2037,2037,117,137,3203,10.19,50131,Inline-4,8.59,Gasoline
Hyundai Elantra 2047,2047,1191,131,3578,20.14,175501,Inline-4,8.69,Diesel
Mazda 3 2000,2000,1127,199,2620,36.89,113278,Dark Matter Reactor,10.22,Gasoline
Lunar LX 1981,1981,2006,402,12025,89.09,3255800,Inline-4,4.59,Moon Dust
Astro V12 2019,2019,571,574,9844,116.83,2104121,Fusion Core,1.89,Gasoline
Mars XR 2023,2023,1642,453,3465,62.31,3600480,Inline-4,1.07,Nuclear
Comet GT 2004,2004,3219,791,14297,37.66,2299913,V8,3.22,Moon Dust
Galaxy SRT 1980,1980,960,487,5647,20.26,2556019,Electric,4.43,Gasoline
Quantum Runner 2001,2001,1862,473,2569,81.22,2266154,Fusion Core,1.54,Nuclear
Nebula GT 1991,1991,667,755,13225,76.14,1201319,Hybrid,4.08,Diesel
Photon X 2021,2021,3232,181,12945,88.48,3942308,Fusion Core,5.86,Gasoline
WarpDrive Sedan 1970,1970,377,484,9683,55.12,4163691,V8,1.79,Unobtanium
Comet GT 2016,2016,1649,797,11136,44.29,1483512,Electric,3.04,Unobtanium
Comet GT 2042,2042,2913,264,13929,21.41,338377,V8,3.3,Nuclear
Mars XR 1982,1982,858,700,12791,36.9,252312,Inline-4,4.85,Diesel
Comet GT 2045,2045,759,185,13090,58.4,3003842,Steam Engine,3.65,Moon Dust
Astro V12 2020,2020,2344,700,9465,27.01,2661949,Electric,2.05,Nuclear
WarpDrive Sedan 2009,2009,3626,730,3050,102.34,4807581,Hybrid,5.79,Gasoline
Mars XR 1978,1978,381,305,8774,65.46,1959338,Steam Engine,5.07,Nuclear
Quantum Runner 1998,1998,320,790,2398,70.62,4006925,Dark Matter Reactor,1.64,Unobtanium
Nebula GT 1976,1976,2559,483,14170,73.91,3525818,Dark Matter Reactor,4.63,Diesel
Eclipse Turbo 1976,1976,1942,281,14062,108.52,2694307,Inline-4,5.5,Nuclear
Void Runner 2040,2040,3895,631,4602,17.35,2848084,Inline-4,5.57,Gasoline
Lunar LX 1983,1983,2674,754,1848,1.39,3394703,Dark Matter Reactor,3.1,Nuclear
Comet GT 1989,1989,1832,318,14829,97.37,1653902,Steam Engine,5.01,Diesel
Quantum Runner 1979,1979,2969,709,1808,76.27,1691757,Fusion Core,2.54,Electric
Quantum Runner 1983,1983,3701,476,3080,66.15,2542476,V6,2.56,Gasoline
Eclipse Turbo 2021,2021,2765,296,10282,117.01,1190735,Steam Engine,3.41,Nuclear
Starlight RS 2031,2031,307,234,10148,23.76,2967315,V8,2.99,Nuclear
Starlight RS 2035,2035,3500,538,9848,50.87,1360725,Fusion Core,1.58,Nuclear
Starlight RS 1990,1990,3318,276,4565,47.92,4897513,Fusion Core,3.8,Unobtanium
Comet GT 2019,2019,3330,237,9738,104.84,2210273,Fusion Core,5.45,Hybrid
Quantum Runner 2025,2025,2260,442,2212,48.09,929866,Steam Engine,5.74,Nuclear
Lunar LX 2040,2040,3030,428,10268,24.4,968619,Fusion Core,1.84,Hybrid
Mars XR 2026,2026,1957,407,6658,118.91,3806703,Hybrid,1.19,Moon Dust
Void Runner 1985,1985,255,531,11316,104.57,2443204,V6,4.7,Unobtanium
Mars XR 2045,2045,2746,510,12238,30.96,4065701,Steam Engine,4.28,Gasoline
Eclipse Turbo 1970,1970,1356,693,11687,52.21,2140456,Fusion Core,1.5,Unobtanium
Lunar LX 2033,2033,2261,228,6925,7.07,4911595,Inline-4,2.91,Hybrid
Chrono X5 2038,2038,603,357,14178,58.64,1786698,Fusion Core,5.06,Hybrid
Galaxy SRT 1970,1970,1410,702,7726,102.89,4503160,Hybrid,2.46,Moon Dust
Astro V12 2037,2037,1801,307,6347,60.55,3284499,Electric,5.95,Gasoline
Chrono X5 2020,2020,3750,701,12111,89.57,2714495,Fusion Core,1.88,Diesel
WarpDrive Sedan 2007,2007,3206,486,5363,77.26,522280,Electric,1.58,Diesel
Galaxy SRT 1998,1998,1828,317,11409,73.62,1050505,V8,1.27,Gasoline
Cyber Falcon 1975,1975,2516,777,12443,116.13,1083367,Electric,5.72,Unobtanium
Cyber Falcon 1985,1985,455,453,10119,42.53,1900412,Dark Matter Reactor,2.91,Unobtanium
Photon X 1985,1985,2576,447,9757,50.32,519771,Dark Matter Reactor,3.01,Diesel
Starlight RS 2033,2033,1713,752,9779,20.55,3392764,Inline-4,5.59,Hybrid
Nova Cruiser 2049,2049,2649,505,12282,12.65,474091,Steam Engine,4.08,Nuclear
Starlight RS 1984,1984,2136,345,6884,95.12,3000053,V6,3.61,Unobtanium
Quantum Runner 2036,2036,2463,546,2145,4.47,352215,Fusion Core,3.82,Electric
Photon X 2022,2022,286,748,5070,112.07,2189240,Hybrid,2.49,Electric
Starlight RS 1972,1972,3235,396,4109,38.62,1058958,Steam Engine,4.13,Unobtanium
Quantum Runner 2040,2040,1259,480,6341,117.94,1522999,V8,2.94,Nuclear
WarpDrive Sedan 2049,2049,3881,594,7935,70.81,1114764,Dark Matter Reactor,5.7,Moon Dust
Nebula GT 1977,1977,3844,186,10765,79.91,2782432,Inline-4,5.32,Electric
Photon X 2043,2043,3672,447,11075,63.29,2724940,V8,3.81,Hybrid
Cyber Falcon 2038,2038,639,251,10129,40.11,4184110,Inline-4,3.5,Hybrid
Comet GT 2027,2027,644,708,2187,63.83,177598,V8,4.78,Unobtanium
Galaxy SRT 2043,2043,2005,715,12124,79.36,1974184,V8,5.43,Unobtanium
Comet GT 2015,2015,3870,782,12236,5.67,3441066,V6,3.27,Diesel
Mars XR 2041,2041,1379,242,1808,48.37,4455062,V6,5.54,Nuclear
Comet GT 1978,1978,1133,735,1806,22.04,3419348,Steam Engine,1.91,Electric
Comet GT 1998,1998,1169,726,5096,64.44,131252,Dark Matter Reactor,1.88,Moon Dust
Starlight RS 2015,2015,3123,516,1702,4.82,1608791,V8,1.04,Gasoline
Void Runner 2013,2013,3893,421,4338,9.04,231599,Steam Engine,4.2,Gasoline
Nebula GT 1979,1979,1589,772,11682,118.21,2785985,Hybrid,4.31,Diesel
Photon X 2008,2008,2639,376,1260,22.49,4211625,Hybrid,3.61,Gasoline
Nebula GT 2034,2034,2434,265,1379,111.62,643902,Hybrid,2.68,Gasoline
Cyber Falcon 2003,2003,2489,400,4685,115.45,2364842,Steam Engine,1.58,Moon Dust
Quantum Runner 2007,2007,1245,341,14421,81.75,3028957,Fusion Core,2.06,Diesel
Astro V12 1994,1994,3125,650,5729,58.14,3741333,Electric,1.93,Nuclear
Astro V12 1991,1991,2924,397,6104,23.79,4513891,V8,4.77,Diesel
Comet GT 2029,2029,495,256,13748,117.24,3435895,Hybrid,1.66,Electric
Void Runner 1982,1982,3083,434,11716,75.65,704047,Inline-4,3.15,Nuclear
Void Runner 1986,1986,1625,212,13736,50.66,2454207,Hybrid,1.43,Nuclear
Cyber Falcon 2050,2050,3720,273,2458,119.37,4198460,V6,4.78,Hybrid
Chrono X5 1979,1979,1376,334,13706,92.8,4423851,Steam Engine,1.67,Moon Dust
Quantum Runner 2012,2012,2690,168,8240,102.99,564147,V6,2.94,Unobtanium
Lunar LX 1988,1988,2112,569,10330,9.07,3749094,Electric,5.41,Nuclear
Quantum Runner 2037,2037,1123,692,2012,72.52,2310883,Steam Engine,4.14,Gasoline
Comet GT 2009,2009,2212,393,1772,103.57,1779771,Hybrid,5.68,Gasoline
WarpDrive Sedan 2035,2035,3165,404,3945,115.86,2991395,Inline-4,4.78,Moon Dust
Cyber Falcon 2028,2028,575,385,8602,40.31,3152872,V8,4.11,Diesel
Comet GT 2014,2014,2192,487,2425,116.31,1563842,Hybrid,1.61,Gasoline
Quantum Runner 2034,2034,777,730,1958,33.69,4376052,V6,5.74,Electric
WarpDrive Sedan 1973,1973,869,446,8634,8.41,2958012,Steam Engine,4.18,Nuclear
Mars XR 2001,2001,349,260,7934,100.16,312360,V8,3.49,Unobtanium
Lunar LX 2029,2029,2298,246,13483,36.52,3933477,Hybrid,2.45,Unobtanium
Nebula GT 1978,1978,3554,540,4152,72.99,3036854,Steam Engine,1.6,Electric
Chrono X5 2031,2031,2057,547,9877,103.07,1362986,Inline-4,2.44,Unobtanium
Cyber Falcon 2007,2007,529,270,1998,69.62,1526399,Electric,5.66,Gasoline
WarpDrive Sedan 2031,2031,2476,764,9002,110.23,248622,Hybrid,4.64,Electric
Starlight RS 1988,1988,1743,595,6160,37.61,34405,Fusion Core,5.67,Nuclear
Starlight RS 1989,1989,3553,327,4834,96.7,2708073,Electric,4.63,Hybrid
Mars XR 1997,1997,3827,598,8826,10.95,2442234,V8,5.18,Unobtanium
Nebula GT 2021,2021,3841,526,7789,14.95,4457271,Inline-4,5.35,Gasoline
Photon X 1976,1976,1661,311,2463,106.19,1079448,Steam Engine,2.92,Unobtanium
Quantum Runner 2020,2020,1073,231,10157,33.5,4667923,Electric,5.63,Moon Dust
Void Runner 1978,1978,427,488,2525,95.99,4418252,Fusion Core,3.06,Nuclear
Photon X 1973,1973,2239,621,10364,13.26,3443119,Inline-4,5.42,Nuclear
Astro V12 1988,1988,2793,371,13773,102.43,2132163,Dark Matter Reactor,1.21,Hybrid
Comet GT 2010,2010,1008,267,2289,93.72,543472,V6,4.38,Moon Dust
Astro V12 2046,2046,272,712,7657,27.31,4811807,Inline-4,5.0,Unobtanium
Cyber Falcon 2036,2036,3074,561,12945,106.04,1732667,Hybrid,4.54,Electric
Quantum Runner 2035,2035,3673,198,9575,57.07,1311225,Electric,1.06,Nuclear
WarpDrive Sedan 1995,1995,2922,794,8609,18.05,4873323,Fusion Core,3.61,Hybrid
Eclipse Turbo 1998,1998,941,281,4974,11.61,2200980,Fusion Core,5.46,Diesel
Comet GT 1988,1988,1741,531,12137,20.18,3352008,Fusion Core,1.97,Gasoline
Mars XR 2008,2008,651,204,11849,89.53,2157845,Inline-4,5.2,Gasoline
Starlight RS 2042,2042,1200,196,6932,83.5,4570800,V8,2.32,Electric
Cyber Falcon 2029,2029,2718,630,11596,98.29,1162877,Hybrid,4.78,Hybrid
Astro V12 2025,2025,3132,716,11161,106.25,4330509,V8,2.73,Gasoline
WarpDrive Sedan 2006,2006,1695,238,11581,52.26,3406173,Steam Engine,2.19,Electric
Galaxy SRT 1971,1971,2799,757,1396,52.64,2101335,V6,3.3,Unobtanium
Cyber Falcon 1991,1991,2480,500,11505,98.19,1486694,Hybrid,1.04,Moon Dust
WarpDrive Sedan 1982,1982,1307,508,1868,103.9,2607112,Inline-4,4.39,Gasoline
Nova Cruiser 1992,1992,2618,509,4239,57.43,677340,Dark Matter Reactor,2.02,Nuclear
Photon X 2040,2040,1008,469,4486,104.1,1950008,Inline-4,3.6,Electric
Lunar LX 1974,1974,3015,291,12296,5.19,3873285,Inline-4,1.67,Unobtanium
Astro V12 2024,2024,1975,304,12590,94.74,4627156,Fusion Core,2.48,Diesel
Quantum Runner 1974,1974,1891,329,2902,25.64,1553535,Electric,3.67,Unobtanium
Quantum Runner 2039,2039,1413,741,10001,67.19,4264389,Steam Engine,5.74,Unobtanium
Starlight RS 1996,1996,2718,640,5555,39.38,320227,Steam Engine,1.05,Electric
Astro V12 1993,1993,2488,581,10893,75.01,2840651,Electric,5.37,Nuclear
Comet GT 2033,2033,2624,749,8712,70.22,3576836,V6,4.9,Nuclear
Lunar LX 1990,1990,510,511,14672,50.75,2764822,V8,1.85,Moon Dust
Cyber Falcon 2005,2005,2388,652,9533,10.48,120373,V6,3.31,Nuclear
Starlight RS 2021,2021,2402,680,5705,70.68,1397827,Inline-4,4.45,Hybrid
Lunar LX 2016,2016,3122,745,9276,28.33,1166900,V8,1.81,Nuclear
Eclipse Turbo 2023,2023,1331,516,9237,4.79,4647277,V8,1.48,Unobtanium
Cyber Falcon 1971,1971,637,361,11639,32.01,4194086,V8,4.84,Unobtanium
Photon X 1999,1999,2412,228,10042,119.19,2929808,Hybrid,4.03,Moon Dust
Nova Cruiser 1982,1982,1996,268,1732,94.65,3815658,Inline-4,1.14,Gasoline
Galaxy SRT 2049,2049,1301,188,2490,110.91,1844200,Inline-4,1.09,Hybrid
Void Runner 2049,2049,1629,654,2079,80.13,2691909,V6,1.3,Unobtanium
Galaxy SRT 2018,2018,1853,211,11320,7.53,130797,Steam Engine,1.36,Nuclear
Photon X 2004,2004,1108,219,3831,27.04,2130826,Electric,1.17,Hybrid
Nebula GT 2026,2026,2396,648,9145,48.19,4040631,Electric,3.84,Moon Dust
Mars XR 2048,2048,1574,434,10523,6.71,3962069,V8,5.33,Moon Dust
Cyber Falcon 2022,2022,1767,443,4484,80.72,4889766,Steam Engine,2.51,Electric
Eclipse Turbo 2016,2016,2977,513,10457,104.91,1560093,Fusion Core,3.03,Unobtanium
Chrono X5 1977,1977,1460,500,4302,100.1,1614452,Inline-4,5.81,Moon Dust
Chrono X5 1987,1987,1053,776,5205,94.22,4043301,Inline-4,5.92,Unobtanium
Void Runner 1973,1973,917,772,11990,50.68,3063776,Steam Engine,5.02,Electric
Chrono X5 2043,2043,1661,687,4748,54.74,4802918,V6,1.35,Nuclear
Starlight RS 2000,2000,1899,359,13162,8.46,1448022,Dark Matter Reactor,4.67,Diesel
Nova Cruiser 2019,2019,375,325,12824,98.74,1828721,Fusion Core,3.56,Gasoline
Starlight RS 2043,2043,1680,163,4321,82.14,1975520,Fusion Core,3.04,Electric
Lunar LX 2012,2012,237,409,9487,114.63,241255,Electric,1.68,Unobtanium
Nebula GT 2031,2031,1054,378,7148,75.21,1665174,Fusion Core,5.43,Electric
Cyber Falcon 2006,2006,231,204,13695,12.18,302900,Fusion Core,3.48,Moon Dust
Starlight RS 1995,1995,2222,341,13832,4.99,966475,Hybrid,3.14,Moon Dust
Nebula GT 1972,1972,2513,771,3325,62.48,756966,Dark Matter Reactor,5.1,Unobtanium
Nova Cruiser 1995,1995,1338,317,12290,118.14,4780863,Inline-4,2.28,Unobtanium
Cyber Falcon 2004,2004,1055,683,14002,53.71,797929,Hybrid,5.98,Nuclear
Comet GT 2043,2043,3897,728,11259,105.02,1392235,Inline-4,4.38,Unobtanium
Mars XR 2021,2021,375,333,1832,96.56,423409,V6,1.34,Diesel
Chrono X5 2050,2050,1818,791,10612,7.98,1226756,Inline-4,1.57,Diesel
Lunar LX 2013,2013,1053,451,6952,3.53,2084593,Hybrid,5.68,Diesel
Comet GT 2047,2047,1162,754,3715,67.54,3190439,Electric,2.6,Unobtanium
Cyber Falcon 2009,2009,1411,584,7931,85.09,2974340,V8,1.81,Unobtanium
Comet GT 1976,1976,3997,524,13140,21.91,759509,Hybrid,1.97,Diesel
Quantum Runner 1996,1996,3658,530,7520,89.14,2662312,Fusion Core,5.63,Electric
Astro V12 1990,1990,1546,634,12359,93.0,2922573,Inline-4,1.24,Moon Dust
Void Runner 1998,1998,2922,289,11887,38.42,1578942,Electric,1.89,Hybrid
WarpDrive Sedan 1994,1994,347,337,7628,34.35,1529201,Dark Matter Reactor,2.11,Moon Dust
Eclipse Turbo 2025,2025,1336,179,14763,2.31,1150406,Inline-4,1.22,Nuclear
Mars XR 2003,2003,3629,233,1576,12.87,3395105,Steam Engine,2.64,Diesel
Mars XR 1974,1974,2848,719,11712,28.61,1087269,Fusion Core,3.89,Moon Dust
Chrono X5 2008,2008,2427,493,11103,58.78,4843492,Inline-4,1.8,Electric
Cyber Falcon 2014,2014,1513,280,7573,29.86,234461,Hybrid,4.37,Moon Dust
Chrono X5 2014,2014,1271,512,12715,59.72,4087951,Steam Engine,1.22,Diesel
Mars XR 2019,2019,2714,455,11743,15.97,2782091,Electric,3.03,Hybrid
WarpDrive Sedan 2045,2045,2247,183,1454,80.92,301278,Hybrid,1.84,Gasoline
Eclipse Turbo 2001,2001,2194,256,9573,31.63,2630215,Dark Matter Reactor,1.91,Diesel
Comet GT 2025,2025,674,281,12276,7.57,2149192,V8,2.49,Hybrid
WarpDrive Sedan 1979,1979,2975,345,10646,89.73,1572883,V6,1.61,Moon Dust
Comet GT 1970,1970,2077,152,9517,83.82,2420361,Fusion Core,3.55,Moon Dust
Photon X 2035,2035,3372,494,1180,80.84,4483642,Dark Matter Reactor,3.58,Gasoline
Chrono X5 2016,2016,2784,657,4688,84.49,3506891,Electric,4.41,Gasoline
Quantum Runner 2000,2000,1492,639,3995,87.42,3096319,Inline-4,1.79,Moon Dust
Photon X 1990,1990,1656,646,9416,46.81,4128789,Hybrid,4.33,Diesel
Eclipse Turbo 2044,2044,1427,469,13648,28.07,198741,Dark Matter Reactor,1.0,Gasoline
Quantum Runner 1999,1999,683,294,6351,23.51,3645048,Hybrid,2.07,Unobtanium
Eclipse Turbo 2036,2036,2364,303,13067,13.89,4745074,Hybrid,5.13,Unobtanium
Galaxy SRT 1978,1978,2693,155,1917,62.3,1363536,Fusion Core,1.36,Nuclear
Nova Cruiser 2016,2016,3441,631,7140,12.48,2503901,Hybrid,1.33,Nuclear
Lunar LX 2041,2041,2222,257,7467,23.08,1870917,Hybrid,1.86,Diesel
Lunar LX 1991,1991,2008,666,11482,111.42,24766,V8,5.91,Moon Dust
Galaxy SRT 1988,1988,2025,243,3962,39.68,1892897,Electric,5.89,Diesel
Lunar LX 2024,2024,1926,174,4955,119.58,4411052,V6,5.11,Electric
Galaxy SRT 2024,2024,1292,582,1696,7.73,3735785,Hybrid,4.84,Gasoline
Comet GT 1977,1977,1089,781,2220,84.29,2073479,Fusion Core,1.88,Moon Dust
Eclipse Turbo 1975,1975,834,765,8801,79.46,3365383,Hybrid,5.58,Hybrid
WarpDrive Sedan 2037,2037,3181,628,14556,86.11,4712877,V8,3.66,Unobtanium
Galaxy SRT 2013,2013,1568,562,2502,74.87,3790648,Steam Engine,1.97,Hybrid
Void Runner 2003,2003,384,776,2837,119.65,2002148,Electric,1.31,Hybrid
Nova Cruiser 2029,2029,516,727,4628,41.85,434425,Inline-4,3.31,Moon Dust
Starlight RS 2048,2048,3158,222,14764,96.22,1647060,V8,5.47,Diesel
Astro V12 2015,2015,1381,383,8894,55.17,576002,Dark Matter Reactor,5.17,Moon Dust
Void Runner 1988,1988,1789,451,8159,46.33,4214443,Hybrid,3.49,Moon Dust
Astro V12 1972,1972,1404,577,10501,37.13,3434105,Inline-4,4.22,Moon Dust
Chrono X5 2047,2047,2346,520,14705,70.78,4125855,Hybrid,5.41,Nuclear
Chrono X5 1984,1984,1178,607,3314,53.23,3082610,Fusion Core,2.86,Gasoline
Chrono X5 1992,1992,1848,528,10383,35.16,3243424,Hybrid,5.46,Hybrid
Lunar LX 1985,1985,1340,203,7034,32.27,4220579,Electric,4.45,Nuclear
Cyber Falcon 1970,1970,2582,444,5553,51.52,2861014,Electric,5.53,Nuclear
Comet GT 2011,2011,3260,760,11113,70.95,1525374,Steam Engine,1.56,Hybrid
WarpDrive Sedan 2044,2044,2602,343,11869,113.9,438908,Electric,3.25,Moon Dust
Nova Cruiser 1980,1980,2724,752,11418,114.05,2785633,V6,2.16,Gasoline
Quantum Runner 2046,2046,1546,427,10055,23.27,4385855,Electric,3.21,Diesel
Chrono X5 2044,2044,2651,793,12920,47.91,1650797,Hybrid,3.52,Diesel
Quantum Runner 1989,1989,2772,655,5545,32.19,1332143,Steam Engine,1.5,Moon Dust
Mars XR 1971,1971,537,236,2152,86.12,996076,Dark Matter Reactor,2.86,Unobtanium
Cyber Falcon 1990,1990,950,421,12465,2.93,1862956,Steam Engine,5.69,Hybrid
Eclipse Turbo 2032,2032,3432,552,6546,41.81,1404710,V6,4.13,Gasoline
Astro V12 2049,2049,2648,501,4648,47.5,2693782,Steam Engine,4.72,Moon Dust
Nebula GT 2002,2002,3649,409,3040,21.85,4342004,Electric,1.7,Electric
Nebula GT 2022,2022,3014,424,11574,21.08,1021393,Fusion Core,3.63,Electric
Nebula GT 2007,2007,1248,298,13851,8.07,4068366,Steam Engine,5.93,Moon Dust
Mars XR 1980,1980,1463,530,3887,23.06,3411345,Fusion Core,3.68,Nuclear
Mars XR 2030,2030,2607,436,13583,33.13,4133962,Hybrid,4.71,Electric
Void Runner 2024,2024,2786,440,4733,28.61,3498301,Inline-4,1.9,Gasoline
Cyber Falcon 2046,2046,2422,396,2011,117.21,2889361,Electric,2.99,Moon Dust
Eclipse Turbo 1987,1987,2144,228,1250,57.21,2011287,V8,1.01,Gasoline
Photon X 2006,2006,3194,399,11038,12.02,4203690,Steam Engine,1.46,Hybrid
Quantum Runner 1978,1978,543,156,13173,76.52,729625,V8,5.44,Unobtanium
Eclipse Turbo 2026,2026,2754,464,10052,84.65,1776430,Hybrid,2.16,Nuclear
Quantum Runner 2016,2016,805,705,6384,30.53,2659069,Fusion Core,4.49,Diesel
Photon X 1983,1983,682,221,10484,75.67,3534085,V8,4.55,Nuclear
Lunar LX 2026,2026,687,798,11940,10.22,1641621,V6,2.29,Moon Dust
Void Runner 2044,2044,262,577,1346,33.08,4612261,V8,2.81,Nuclear
Starlight RS 2023,2023,3949,517,9991,107.83,4214902,Inline-4,1.93,Nuclear
Galaxy SRT 2015,2015,2190,323,2043,92.03,902244,V6,4.76,Nuclear
Mars XR 1999,1999,838,523,11199,14.72,3104306,Steam Engine,5.03,Electric
Nebula GT 1999,1999,1035,195,14615,64.48,4838760,V8,1.38,Moon Dust
Eclipse Turbo 2022,2022,1110,657,2474,23.16,1613281,Electric,5.8,Hybrid
Chrono X5 2034,2034,1520,727,6836,114.12,1382940,V6,3.4,Nuclear
Void Runner 2009,2009,337,632,6142,94.61,386510,Fusion Core,6.0,Unobtanium
Nebula GT 2006,2006,3608,536,12744,103.24,487348,Inline-4,2.44,Hybrid
Void Runner 2017,2017,2643,764,9576,108.37,1626363,Dark Matter Reactor,5.8,Moon Dust
Eclipse Turbo 2043,2043,1571,674,11636,46.2,3979063,Steam Engine,4.25,Unobtanium
Cyber Falcon 2018,2018,2208,759,13466,36.16,2802241,V6,4.76,Gasoline
Nova Cruiser 1999,1999,1637,786,1234,103.79,3583897,Hybrid,2.32,Gasoline
Chrono X5 1970,1970,208,736,8196,33.28,4716298,V8,5.05,Nuclear
Nebula GT 2013,2013,2001,541,3965,78.26,661741,V6,2.46,Electric
Comet GT 2008,2008,2560,252,3368,48.48,1875650,Dark Matter Reactor,3.49,Nuclear
Eclipse Turbo 1990,1990,388,612,1475,71.31,4049711,Inline-4,3.56,Unobtanium
Nova Cruiser 2042,2042,1380,663,7416,74.36,2145100,Inline-4,5.43,Electric
Quantum Runner 1995,1995,1983,531,8531,119.43,2271508,V6,3.85,Hybrid
Comet GT 2024,2024,2440,190,4242,32.65,472702,Steam Engine,4.36,Nuclear
Void Runner 2038,2038,2030,444,4953,91.04,2501098,Hybrid,2.93,Moon Dust
Quantum Runner 1984,1984,1527,630,1394,22.43,2562296,Hybrid,2.1,Hybrid
Nova Cruiser 2030,2030,3744,425,5799,96.18,443458,Electric,1.32,Hybrid
Nova Cruiser 1985,1985,1598,412,2297,31.31,3583019,Hybrid,4.5,Unobtanium
Nebula GT 2027,2027,342,475,10033,43.89,606293,V6,1.64,Electric
Nova Cruiser 1973,1973,851,342,13834,20.87,3295613,Hybrid,3.47,Nuclear
Photon X 2046,2046,3952,786,8951,104.85,435374,Electric,3.09,Gasoline
Astro V12 1974,1974,2684,405,4602,38.67,2917722,Hybrid,3.21,Unobtanium
Quantum Runner 1975,1975,2489,502,9537,30.42,3617172,Fusion Core,3.25,Moon Dust
Astro V12 1976,1976,2002,720,3832,10.63,660245,Fusion Core,2.9,Unobtanium
Eclipse Turbo 1996,1996,3396,701,5595,16.05,1586816,Inline-4,5.81,Electric
Side Quest 1996,1996,3275,389,4419,29.72,2627878,Dark Matter Reactor,1.43,Hybrid
Mild Panic 2046,2046,3203,609,14109,87.97,4433333,V6,4.77,Diesel
Caffeine Shot 1991,1991,1381,726,5631,109.32,1467968,Fusion Core,5.06,Nuclear
Tiny Roar 2021,2021,2318,452,11154,37.07,2987303,Dark Matter Reactor,1.35,Nuclear
Budget Rocket 2013,2013,1925,759,3550,82.06,1782130,Dark Matter Reactor,1.17,Nuclear
Pizza Wagon 2000,2000,3936,787,9562,101.74,164267,V8,3.9,Hybrid
Grocery Dash 1976,1976,1096,299,10775,61.47,2355239,Inline-4,2.2,Unobtanium
Tiny Roar 1978,1978,2535,772,4540,108.14,2403124,V8,1.43,Nuclear
Pizza Wagon 1999,1999,2588,507,4678,101.17,770924,Electric,2.9,Hybrid
Late Fee 2048,2048,249,696,8520,116.79,4686472,V6,2.47,Electric
Rust Bucket 2021,2021,1460,354,10996,20.54,1743601,Steam Engine,3.54,Hybrid
Caffeine Shot 2029,2029,3448,488,8741,8.91,1190405,Electric,4.12,Moon Dust
Caffeine Shot 2005,2005,2972,436,8394,83.51,3955168,V6,2.55,Gasoline
Rust Bucket 1986,1986,244,151,14383,3.86,582116,Fusion Core,5.31,Nuclear
Side Quest 2020,2020,3782,760,2707,46.56,1986149,Fusion Core,2.26,Unobtanium
Side Quest 1970,1970,1896,618,6827,81.07,3373864,Electric,3.2,Nuclear
Caffeine Shot 2027,2027,588,393,3212,112.96,4881916,V8,4.35,Nuclear
Tax Return 2021,2021,1006,236,12075,100.8,4336096,Fusion Core,1.71,Diesel
Caffeine Shot 2020,2020,1144,403,9349,30.29,958470,Electric,4.95,Gasoline
Rust Bucket 1984,1984,232,422,2695,119.1,724331,Steam Engine,2.41,Nuclear
Pizza Wagon 1977,1977,1036,252,6054,29.06,1533971,V8,3.3,Diesel
Grocery Dash 2045,2045,2408,457,11178,87.07,3888776,Dark Matter Reactor,1.99,Diesel
Mild Panic 2002,2002,3037,669,6480,8.78,1889460,Electric,1.15,Unobtanium
Pizza Wagon 2047,2047,2147,356,14605,113.23,4936872,Inline-4,3.99,Electric
Pizza Wagon 2002,2002,2449,501,13394,75.74,943513,Fusion Core,4.78,Nuclear
Mild Panic 1976,1976,807,283,1247,36.84,623498,Inline-4,2.91,Moon Dust
Caffeine Shot 2048,2048,383,452,11950,115.92,362763,Dark Matter Reactor,1.21,Electric
Spare Change 2049,2049,3826,371,10314,36.22,1464079,Dark Matter Reactor,2.55,Gasoline
Late Fee 2035,2035,2023,627,7340,62.38,442502,V8,5.04,Moon Dust
Spilled Coffee 1992,1992,3190,226,6273,63.88,4462091,Inline-4,2.57,Nuclear
Tiny Roar 2038,2038,2461,733,7738,86.82,1313070,Electric,3.77,Hybrid
Tiny Roar 2014,2014,769,413,2312,56.39,2012635,Fusion Core,3.48,Hybrid
Noise Machine 1981,1981,2279,400,4063,5.43,4234530,V8,2.32,Diesel
Spare Change 2044,2044,982,778,13590,109.71,3365893,Fusion Core,2.89,Unobtanium
Late Fee 1982,1982,3705,210,13680,15.24,1365629,Fusion Core,1.85,Gasoline
Tax Return 2043,2043,2595,180,4572,42.47,3069598,Fusion Core,5.34,Diesel
Caffeine Shot 1986,1986,2724,662,3477,107.53,4401130,Inline-4,5.55,Unobtanium
Grocery Dash 2027,2027,625,514,9593,59.84,2136728,Fusion Core,2.82,Hybrid
Late Fee 2037,2037,444,522,8621,58.29,2251792,Steam Engine,4.61,Hybrid
Grocery Dash 2015,2015,3695,393,1550,80.7,4202197,Hybrid,4.66,Nuclear
Tiny Roar 1983,1983,1911,569,2987,36.38,3708364,Hybrid,4.74,Nuclear
Noise Machine 2016,2016,3794,473,8428,104.89,2072629,V6,2.1,Gasoline
Mild Regret 1983,1983,3746,295,11186,60.69,1243887,Dark Matter Reactor,4.52,Moon Dust
Pizza Wagon 2040,2040,439,682,2189,56.33,4086694,Dark Matter Reactor,1.26,Hybrid
Spare Change 2021,2021,1414,307,9261,87.02,1474814,V8,5.52,Hybrid
Side Quest 2031,2031,1286,478,4095,5.64,1029951,V8,1.27,Hybrid
Spilled Coffee 2033,2033,954,338,5149,46.11,748738,Dark Matter Reactor,4.38,Hybrid
Tax Return 1977,1977,3898,340,2109,116.07,2727972,Steam Engine,4.73,Hybrid
Mild Panic 2045,2045,1670,561,11234,44.96,290275,Fusion Core,3.88,Moon Dust
Caffeine Shot 1973,1973,2661,673,1754,57.9,4306403,Hybrid,2.57,Unobtanium
Grocery Dash 2030,2030,658,376,3482,76.89,1606173,V8,4.63,Diesel
Side Quest 2037,2037,1658,615,13025,87.78,2090279,Steam Engine,5.78,Unobtanium
Late Fee 2016,2016,243,349,4236,53.23,2164214,Steam Engine,2.37,Gasoline
Grocery Dash 2042,2042,3892,546,11686,45.46,1458872,V6,1.21,Moon Dust
Mild Regret 2001,2001,2505,449,2793,89.66,2917941,Steam Engine,2.62,Nuclear
Pizza Wagon 1983,1983,2921,300,10855,14.47,3026158,Hybrid,5.3,Diesel
Rust Bucket 2030,2030,3928,498,9503,13.1,2915388,Dark Matter Reactor,3.64,Nuclear
Rust Bucket 2000,2000,1522,398,3681,98.19,3435395,V6,2.77,Nuclear
Tax Return 1970,1970,2040,708,7979,118.25,2608646,Steam Engine,4.36,Unobtanium
Tax Return 1992,1992,894,744,13668,30.46,4772689,Steam Engine,5.54,Gasoline
Budget Rocket 1994,1994,355,781,7106,43.91,1429023,V8,4.01,Electric
Spare Change 2046,2046,1165,291,12012,43.56,3104543,Hybrid,1.49,Nuclear
Pizza Wagon 1989,1989,1661,179,7986,13.97,2175523,Steam Engine,4.57,Electric
Overtime 1979,1979,2983,184,14305,111.1,243955,Electric,1.39,Nuclear
Grocery Dash 1990,1990,2041,389,5888,6.94,3538057,Dark Matter Reactor,5.91,Moon Dust
Tax Return 2028,2028,2699,379,11041,97.6,519864,V8,3.77,Electric
Mild Panic 2005,2005,2276,498,14087,5.88,1737773,Electric,4.68,Unobtanium
Spare Change 2040,2040,1889,715,11574,76.43,3046442,Electric,1.56,Electric
Caffeine Shot 2023,2023,3492,465,1082,78.82,395429,Steam Engine,5.56,Nuclear
Tiny Roar 2006,2006,2806,258,10831,95.36,2589387,Hybrid,1.89,Gasoline
Mild Regret 2015,2015,875,291,1187,66.65,3311935,Electric,1.03,Gasoline
Mild Regret 2000,2000,2348,544,7222,106.78,2879017,Electric,1.69,Nuclear
Tiny Roar 2048,2048,2211,244,4568,19.84,85111,Steam Engine,1.54,Moon Dust
Rust Bucket 2015,2015,672,187,3730,4.1,4403516,Fusion Core,5.95,Moon Dust
Spare Change 2038,2038,403,343,6658,99.56,3286665,Hybrid,3.78,Hybrid
Mild Regret 1999,1999,2593,201,9860,109.7,286521,Hybrid,5.12,Electric
Mild Regret 2022,2022,1263,435,9677,64.94,4135630,Inline-4,5.92,Electric
Pizza Wagon 2005,2005,1433,538,14001,84.96,1336903,V6,5.72,Hybrid
Spilled Coffee 1999,1999,3348,453,6468,99.64,256526,Hybrid,4.18,Unobtanium
Noise Machine 1973,1973,2310,797,8523,52.42,4529856,Electric,3.89,Hybrid
Side Quest 2041,2041,1667,369,7242,64.07,4353663,V8,1.16,Gasoline
Mild Panic 2027,2027,393,423,2130,18.99,309913,Fusion Core,3.53,Unobtanium
Mild Panic 2028,2028,2961,515,2893,112.27,4888764,V8,5.16,Moon Dust
Side Quest 1984,1984,892,778,4415,17.0,1820258,Steam Engine,1.93,Moon Dust
Side Quest 1973,1973,3480,298,1379,104.77,4603503,Hybrid,5.28,Hybrid
Overtime 2026,2026,2321,202,11731,102.95,589165,Steam Engine,3.77,Nuclear
Spare Change 1986,1986,3228,173,12453,55.16,1787433,Electric,2.41,Electric
Pizza Wagon 1993,1993,460,636,11016,6.28,237800,Electric,2.67,Hybrid
Tax Return 2005,2005,3442,353,5477,7.97,3758533,V8,4.58,Nuclear
Spilled Coffee 2037,2037,3782,516,13038,9.65,3756526,Inline-4,4.83,Nuclear
Spare Change 1984,1984,3390,467,13462,116.42,2685855,Inline-4,4.95,Diesel
Tiny Roar 1979,1979,448,565,14976,81.2,3453508,Inline-4,1.31,Gasoline
Mild Panic 2016,2016,2096,798,13572,34.51,3780579,Hybrid,5.32,Gasoline
Spilled Coffee 1978,1978,3732,327,1362,27.87,3632229,Fusion Core,4.33,Moon Dust
Tax Return 1995,1995,318,247,10432,79.56,4079523,Hybrid,1.97,Gasoline
Late Fee 2010,2010,2885,430,5561,50.37,3067447,Fusion Core,2.81,Unobtanium
Caffeine Shot 2003,2003,932,314,10187,15.35,4028706,Electric,3.67,Moon Dust
Spare Change 2045,2045,1415,640,9749,37.74,1997855,Electric,4.57,Gasoline
Spare Change 2036,2036,2407,487,7673,4.42,2984174,Dark Matter Reactor,4.96,Unobtanium
Mild Panic 2036,2036,2429,696,10257,71.27,4283985,Fusion Core,2.06,Diesel
Tiny Roar 2035,2035,1237,236,14557,84.09,3861766,V6,4.54,Diesel
Tiny Roar 2025,2025,3728,594,1922,27.8,4554880,V8,4.11,Hybrid
Caffeine Shot 1990,1990,469,489,4315,4.45,4423210,V8,3.48,Unobtanium
Grocery Dash 1977,1977,3046,338,7945,22.93,4691284,Inline-4,1.95,Unobtanium
Late Fee 1981,1981,1397,750,1705,73.63,2130538,Hybrid,5.86,Unobtanium
Budget Rocket 2027,2027,1529,577,11539,30.48,2687058,Inline-4,5.13,Nuclear
Spare Change 1974,1974,241,403,5983,21.81,2938680,Hybrid,4.73,Unobtanium
Noise Machine 1998,1998,3828,631,13902,60.19,4692365,Dark Matter Reactor,4.0,Unobtanium
Mild Regret 2003,2003,534,333,12955,18.42,2818356,Electric,3.84,Nuclear
Spare Change 2002,2002,3651,171,11339,78.19,143751,Hybrid,4.64,Gasoline
Tiny Roar 1991,1991,3980,174,3165,51.79,4440788,Dark Matter Reactor,4.52,Hybrid
Tax Return 1997,1997,3683,686,12830,112.44,2063650,V6,2.87,Electric
Grocery Dash 2022,2022,2593,432,10663,100.27,4360167,Steam Engine,1.03,Nuclear
Noise Machine 2018,2018,1178,323,11997,113.59,2163478,Steam Engine,2.26,Electric
Side Quest 2002,2002,3488,205,11135,51.63,2489798,Steam Engine,5.47,Nuclear
Mild Panic 2021,2021,2924,772,6182,54.87,1561357,Fusion Core,1.99,Gasoline
Pizza Wagon 1976,1976,1195,237,14909,114.47,1648476,Fusion Core,5.29,Nuclear
Grocery Dash 2025,2025,1167,273,1467,77.35,3409220,V8,4.24,Diesel
Mild Regret 2032,2032,1779,510,4880,53.59,719595,Steam Engine,1.06,Gasoline
Mild Panic 2004,2004,1452,519,14386,9.42,131244,Hybrid,3.06,Nuclear
Late Fee 2012,2012,411,374,11451,73.91,4029814,Steam Engine,3.41,Moon Dust
Grocery Dash 1996,1996,2319,558,1860,65.78,1625705,Electric,2.74,Moon Dust
Caffeine Shot 2022,2022,1883,425,11643,109.68,3621366,V6,1.05,Nuclear
Mild Regret 1979,1979,563,458,1411,66.93,3449196,Inline-4,5.24,Diesel
Mild Regret 2009,2009,2574,675,14673,43.25,2314987,Hybrid,2.66,Hybrid
Mild Panic 2000,2000,2388,160,2819,88.85,664770,V8,2.88,Electric
Mild Panic 2030,2030,2636,253,7983,22.58,475480,Hybrid,4.9,Moon Dust
Late Fee 1985,1985,1942,409,9432,12.24,3216597,Inline-4,5.32,Electric
Spare Change 2050,2050,2576,300,1184,60.22,2337773,Steam Engine,4.11,Nuclear
Rust Bucket 2038,2038,374,573,4545,58.27,4560982,Fusion Core,3.0,Nuclear
Spilled Coffee 2010,2010,2712,650,12639,81.54,4521653,Inline-4,2.9,Electric
Spare Change 2039,2039,3207,537,7385,76.53,2927626,Hybrid,5.2,Gasoline
Caffeine Shot 2028,2028,631,656,9950,72.08,36003,Fusion Core,3.09,Nuclear
Overtime 1984,1984,336,295,13926,35.71,4025309,Dark Matter Reactor,4.6,Gasoline
Spilled Coffee 1973,1973,3148,627,8299,49.14,4953464,Dark Matter Reactor,5.98,Unobtanium
Late Fee 2018,2018,2588,770,14060,114.49,796491,Fusion Core,5.11,Electric
Late Fee 2032,2032,3537,256,4282,110.99,2639697,V6,4.32,Nuclear
Late Fee 2014,2014,3191,495,1045,81.27,3003667,Steam Engine,4.63,Unobtanium
Overtime 1997,1997,2501,151,14878,18.97,1637421,V6,3.09,Nuclear
Spare Change 1998,1998,2358,301,12186,107.11,1962422,Fusion Core,4.41,Gasoline
Side Quest 1981,1981,1792,590,14970,106.01,4614521,V8,4.06,Diesel
Spilled Coffee 2016,2016,3583,553,7540,8.59,2863680,Hybrid,4.9,Unobtanium
Tax Return 2034,2034,1931,493,9812,33.86,973349,Fusion Core,3.44,Unobtanium
Side Quest 2039,2039,487,525,5249,22.25,3018351,Steam Engine,4.29,Nuclear
Rust Bucket 2005,2005,388,479,4586,54.74,943260,Steam Engine,1.96,Unobtanium
Tax Return 2003,2003,2283,200,13040,46.56,159889,Hybrid,4.79,Nuclear
Mild Regret 2010,2010,299,613,14211,46.96,41462,Hybrid,4.02,Nuclear
Late Fee 2039,2039,3359,787,9886,17.8,1720395,Dark Matter Reactor,5.77,Moon Dust
Side Quest 1985,1985,3932,164,14250,84.18,708787,Fusion Core,2.18,Diesel
Noise Machine 2020,2020,2421,793,14286,15.53,1540031,Electric,4.67,Gasoline
Budget Rocket 2040,2040,2061,438,10617,6.8,2229909,Hybrid,3.43,Gasoline
Grocery Dash 2029,2029,1830,347,12127,11.11,1028979,Steam Engine,3.86,Moon Dust
Mild Regret 2024,2024,1119,480,13381,65.97,1950901,Electric,4.56,Moon Dust
Tiny Roar 2045,2045,3295,552,9739,64.06,4435904,Inline-4,1.92,Moon Dust
Late Fee 2017,2017,1410,448,8242,101.68,1624226,Inline-4,3.38,Unobtanium
Side Quest 2022,2022,3969,464,10214,51.54,3070580,Fusion Core,3.11,Diesel
Mild Panic 2034,2034,2958,163,13981,94.26,559776,Fusion Core,3.14,Diesel
Side Quest 2033,2033,1292,650,1319,9.66,3088719,Electric,3.99,Moon Dust
Spilled Coffee 2042,2042,3530,308,8885,51.24,476608,V8,3.42,Nuclear
Caffeine Shot 1994,1994,3607,362,4758,92.83,1906857,V8,5.79,Unobtanium
Pizza Wagon 1984,1984,1601,588,13268,20.31,4156572,Fusion Core,2.32,Unobtanium
Tiny Roar 2044,2044,243,569,11587,49.08,1236529,V8,5.97,Gasoline
Grocery Dash 1992,1992,3807,690,1599,29.45,4033770,V6,5.87,Diesel
Mild Regret 1974,1974,2636,153,12940,96.01,912910,Fusion Core,3.34,Hybrid
Mild Panic 2026,2026,243,376,13405,70.79,2741229,Electric,4.86,Nuclear
Mild Regret 2021,2021,2372,508,2209,108.68,3861049,Hybrid,4.26,Diesel
Pizza Wagon 1994,1994,2636,620,10018,84.99,3515004,Dark Matter Reactor,2.76,Diesel
Spare Change 2004,2004,2296,788,8300,45.64,1549359,Hybrid,2.98,Electric
Caffeine Shot 2007,2007,3652,219,12098,73.4,3775229,Fusion Core,5.33,Moon Dust
Noise Machine 2034,2034,2685,413,2131,115.67,1697917,Inline-4,3.61,Diesel
Mild Regret 2025,2025,1683,501,12031,60.98,3036795,Dark Matter Reactor,3.72,Moon Dust
Budget Rocket 2016,2016,382,765,12272,48.16,4464371,V6,5.79,Unobtanium
Overtime 2041,2041,3807,537,13021,34.03,4150656,V8,5.4,Diesel
Mild Panic 2035,2035,2822,239,3011,72.36,2306162,Dark Matter Reactor,5.48,Moon Dust
Caffeine Shot 1979,1979,1621,662,14906,35.87,3416097,Fusion Core,3.7,Electric
Spare Change 2014,2014,451,476,1421,6.64,436350,Steam Engine,3.84,Nuclear
Pizza Wagon 2041,2041,2149,329,8661,16.9,1889939,Electric,5.13,Unobtanium
Spilled Coffee 1970,1970,1120,514,14373,3.05,2467646,Dark Matter Reactor,5.5,Moon Dust
Rust Bucket 1981,1981,745,339,11896,31.18,618265,Dark Matter Reactor,5.78,Hybrid
Tax Return 1975,1975,4000,676,5459,104.19,3972937,Electric,5.3,Gasoline
Overtime 2039,2039,1162,218,1689,51.38,3208233,Electric,2.83,Electric
Tiny Roar 2023,2023,2291,718,12049,83.96,562603,Hybrid,3.26,Moon Dust
Noise Machine 1997,1997,2767,307,9435,56.02,395207,Fusion Core,3.74,Unobtanium
Noise Machine 1984,1984,608,396,4133,83.04,4104514,V8,4.37,Electric
